code,page
1815,20210929
1824,20210929
1848,20210929
1952,20210929
1980,20210929
2174,20210929
2502,20210929
2540,20210929
3069,20210929
3299,20210929
3648,20210929
3663,20210929
3726,20210929
4047,20210929
4611,20210929
4678,20210929
4936,20210929
4998,20210929
5195,20210929
5992,20210929
6086,20210929
6262,20210929
6301,20210929
6317,20210929
6327,20210929
6433,20210929
6463,20210929
6569,20210929
6662,20210929
6926,20210929
6932,20210929
6996,20210929
7161,20210929
7250,20210929
7266,20210929
7283,20210929
7551,20210929
7607,20210929
7739,20210929
7752,20210929
7819,20210929
7851,20210929
7855,20210929
7898,20210929
7943,20210929
7949,20210929
7951,20210929
7955,20210929
8285,20210929
8350,20210929
8596,20210929
8869,20210929
9307,20210929
9412,20210929
9414,20210929
9422,20210929
9658,20210929
9856,20210929
9945,20210929
